﻿<?xml version="1.0" encoding="UTF-8" standalone="yes"?>
<addon id="plugin.video.L0RE.filmfriend" name="Filmfriend (dev)" version="0.1.4" provider-name="L0RE">
    <requires>
        <import addon="xbmc.python" version="2.24.0"/>
        <import addon="script.module.requests" version="2.12.4"/>
        <import addon="script.module.beautifulsoup4" version="4.3.2"/>
              <import addon="inputstream.adaptive" version="1.0.8"/>
      <import addon="script.module.inputstreamhelper" version="0.2.2"/>

    </requires>
    <extension point="xbmc.python.pluginsource" library="default.py">
        <provides>video</provides>
    </extension>
  <extension point="xbmc.addon.metadata">
    <summary lang="de">Das Filmportal für Bibliotheken</summary>
    <summary lang="en">Das Filmportal für Bibliotheken</summary>
    <description lang="en">Das Filmportal für Bibliotheken</description>
    <description lang="de">Das Filmportal für Bibliotheken</description>
    <website></website>
    <license>GNU GENERAL PUBLIC LICENSE. Version 2, June 1991</license>
    <source>https://github.com/tiefenruder/repo/tree/master/addons/plugin.video.L0RE.filmfriend</source>
    <forum>https://www.kodinerds.net/index.php/Thread/55451-L0REs-Blog/</forum>
    <email>andreas at vogler dot name</email>
    <platform>all</platform>
  </extension>
</addon>
